{
  "shot_dist": {
    "mean": 13.455303123740926,
    "std": 8.768848111154998
  },
  "close_def_dist": {
    "mean": 4.122529745019199,
    "std": 2.7495586178936406
  },
  "shot_clock": {
    "mean": 12.44630438178873,
    "std": 5.753828585804388
  },
  "touch_time": {
    "mean": 2.7670810824144647,
    "std": 2.9395248986859746
  }
}